name,age,happiness,interviews,happinessWithTikTok,weight,education,birth year ,country,Sort
User 1,26,46,4,46,120,20.5,1995,Germany,20
User 1,26,46,4,46,120,21,1995,Germany,102
User 1,43.1,48,4,48,120,21.5,1977.9,Germany,243
User 1,44.3,48,4,48,200,21.7,1976.7,Germany,324
User 1,43.4,48,4,48,150,23.7,1977.6,Germany,325
User 1,29,49,4,49,120,19.5,1992,Germany,117
User 1,31,52,4,52,120,16.5,1990,Japan,143
User 1,29,52,4,52,120,22.2,1992,USA,194
User 1,32.8,52,4,52,150,19.4,1988.2,Japan,245
User 1,44,52,4,52,150,24.6,1977,Germany,389
User 1,33,53,4,53,200,17.5,1988,Japan,180
User 1,33,53,4,53,190,17.4,1988,Japan,197
User 1,23,54,4,54,120,23.5,1998,Germany,59
User 1,36,58,4,58,150,18.6,1985,Germany,217
User 1,39.1,58,4,58,120,16.9,1981.9,Japan,340
User 1,27,60,4,60,170,19,1994,Germany,55
User 1,24.5,60,4,60,150,22.1,1996.5,USA,195
User 1,36.1,60,4,60,190,16.4,1984.9,Japan,247
User 1,38.1,60,4,60,120,18.8,1982.9,Japan,309
User 1,35.1,60,4,60,150,16.1,1985.9,Japan,342
User 1,32,61,4,61,200,19,1989,Japan,144
User 1,29.8,62,4,62,120,15.3,1991.2,Germany,330
User 1,37.7,62,4,62,120,17.3,1983.3,Japan,345
User 1,30.5,63,4,63,120,17,1990.5,USA,236
User 1,34.7,63,4,63,120,14.9,1986.3,USA,347
User 1,38,63,4,63,120,14.7,1983,USA,373
User 1,39,64,4,64,190,16.4,1982,USA,341
User 1,31,65,4,65,190,19,1990,Japan,53
User 1,32,65,4,65,150,21,1989,Japan,130
User 1,34.1,65,4,65,170,15.2,1986.9,Japan,293
User 1,31.8,65,4,65,120,19.2,1989.2,Japan,302
User 1,37.2,65,4,65,120,16.4,1983.8,Japan,311
User 1,46.6,65,4,65,170,17.9,1974.4,Japan,321
User 1,40.8,65,4,65,120,19.2,1980.2,Japan,323
User 1,37,65,4,65,120,19.4,1984,Japan,344
User 1,34.4,65,4,65,190,16.2,1986.6,USA,348
User 1,29.9,65,4,65,150,20.7,1991.1,USA,349
User 1,36.1,66,4,66,120,14.4,1984.9,USA,244
User 1,31,67,4,67,120,19,1990,Japan,128
User 1,26,67,4,67,170,15.5,1995,Germany,141
User 1,31,67,4,67,120,16,1990,Germany,150
User 1,30,67,4,67,150,16.4,1991,Japan,238
User 1,36.4,67,5,67,120,19.9,1984.6,Germany,326
User 1,30,67,4,67,190,21.8,1991,Germany,327
User 1,44.6,67,4,67,150,13.8,1976.4,Japan,328
User 1,33.8,67,4,67,170,18,1987.2,Japan,329
User 1,32.3,67,4,67,170,17.8,1988.7,Japan,343
User 1,38,67,4,67,150,15,1983,Japan,378
User 1,32,67,4,67,170,15.7,1989,Japan,379
User 1,38,67,4,67,120,16.2,1983,Japan,380
User 1,31.5,68,4,68,120,18.5,1989.5,Japan,215
User 1,30,68,4,68,120,16.5,1991,USA,265
User 1,29.5,68,4,68,170,16.6,1991.5,Japan,278
User 1,34.1,68,4,68,150,16,1986.9,Japan,346
User 1,37,68,4,68,150,18.2,1984,Japan,371
User 1,31,68,4,68,170,17.6,1990,Japan,372
User 1,35,69,4,69,150,18,1986,Japan,54
User 1,26,69,4,69,120,18,1995,Germany,79
User 1,37.3,69,4,69,150,14.7,1983.7,Germany,303
User 1,30,70,4,65,150,19.5,1991,Germany,51
User 1,26,70,4,65,120,20.5,1995,USA,56
User 1,29,70,4,65,120,14,1992,Germany,174
User 1,29,70,4,65,120,14.2,1992,Germany,196
User 1,32,70,4,65,120,17,1989,Japan,203
User 1,33.5,70,4,65,190,16.8,1987.5,Japan,219
User 1,39.4,70,4,65,120,18.6,1981.6,Japan,246
User 1,34.2,70,4,65,170,13.2,1986.8,USA,300
User 1,34.5,70,4,65,120,14.9,1986.5,USA,301
User 1,32.1,70,4,65,150,15.5,1988.9,USA,310
User 1,36,70,4,65,120,17.3,1985,USA,374
User 1,34,70,4,65,190,16.9,1987,Japan,377
User 1,25,71,4,66,120,16.5,1996,Germany,171
User 1,29.5,71,4,66,150,12.2,1991.5,Germany,202
User 1,31.5,71,4,66,150,14.9,1989.5,Germany,277
User 1,31.9,71,4,66,150,14,1989.1,Germany,292
User 1,27.2,71,4,66,190,24.8,1993.8,Germany,298
User 1,22,72,4,67,190,19,1999,USA,46
User 1,21,72,4,67,150,19.5,2000,USA,109
User 1,15,72,6,67,120,21,2006,USA,153
User 1,15,72,6,67,190,19.5,2006,USA,154
User 1,26.5,72,4,67,150,13.6,1994.5,USA,205
User 1,32.4,72,4,67,190,17,1988.6,Japan,334
User 1,33,74,4,69,170,14.2,1988,Germany,350
User 1,31.6,74,4,69,120,18.3,1989.4,Japan,354
User 1,36,74,4,69,190,15.3,1985,Germany,370
User 1,24,75,4,70,190,15.5,1997,Germany,118
User 1,25,75,4,70,120,17,1996,USA,131
User 1,28,75,4,70,150,14.5,1993,USA,145
User 1,24,75,4,70,120,15.5,1997,Germany,146
User 1,26,75,4,70,190,14,1995,Germany,147
User 1,29,75,4,70,150,16,1992,Japan,166
User 1,28,75,4,70,190,16.4,1993,Japan,204
User 1,26,75,4,70,150,18.2,1995,Japan,234
User 1,30.9,75,4,70,120,14.5,1990.1,USA,268
User 1,31.3,75,4,70,120,17.5,1989.7,Japan,318
User 1,32.2,75,4,70,150,15.2,1988.8,Japan,320
User 1,33.7,75,4,70,120,14.4,1987.3,Japan,351
User 1,32.4,75,4,70,120,16.8,1988.6,Japan,352
User 1,36,75,4,70,120,14.5,1985,Japan,376
User 1,30,76,4,71,120,14.5,1991,Germany,52
User 1,22,76,4,71,170,18,1999,Germany,77
User 1,41.5,76,4,71,120,14.7,1979.5,Germany,308
User 1,30.7,76,6,71,150,19.6,1990.3,Germany,356
User 1,25.4,77,5,72,150,20.1,1995.6,Germany,296
User 1,26,78,4,73,120,14.5,1995,Germany,142
User 1,23,78,4,73,150,18.5,1998,USA,169
User 1,18,78,6,73,170,21,2003,USA,199
User 1,29,78,4,73,120,14.5,1992,Germany,232
User 1,30.5,78,4,73,120,14.1,1990.5,Germany,239
User 1,34.3,78,4,73,120,15.8,1986.7,Germany,316
User 1,26,79,4,74,150,17.7,1995,USA,184
User 1,28,79,4,74,190,18.6,1993,USA,391
User 1,25,80,4,70,150,17,1996,USA,58
User 1,28,80,4,70,150,15,1993,USA,83
User 1,26,80,4,70,120,16.5,1995,USA,129
User 1,30,80,4,70,200,14.8,1991,USA,216
User 1,35.7,80,4,70,120,14.4,1985.3,USA,294
User 1,27.4,80,4,70,120,15,1993.6,USA,295
User 1,28.1,80,4,70,190,20.4,1992.9,Germany,355
User 1,25,81,4,71,120,16.9,1996,Germany,182
User 1,24,81,6,71,170,17.6,1997,USA,192
User 1,31,82,4,72,150,19.4,1990,USA,392
User 1,29,83,4,73,150,16.5,1992,Germany,140
User 1,23,83,4,73,120,17,1998,USA,167
User 1,27,83,4,73,170,15.3,1994,Germany,185
User 1,33.5,83,4,73,120,15.9,1987.5,USA,237
User 1,27.2,84,4,74,150,15.7,1993.8,USA,335
User 1,26.6,84,4,74,170,16.4,1994.4,USA,336
User 1,30,84,4,74,150,12.9,1991,USA,339
User 1,29,84,4,74,120,16,1992,USA,367
User 1,36,84,4,74,170,13,1985,USA,386
User 1,32,84,4,74,120,11.6,1989,USA,390
User 1,21,85,6,75,150,16,2000,USA,18
User 1,19,85,4,75,150,18.5,2002,USA,112
User 1,20.2,85,6,75,150,15.8,2000.8,USA,253
User 1,20.8,85,6,75,120,16.7,2000.2,USA,258
User 1,23.8,85,4,75,170,17.6,1997.2,USA,271
User 1,19.8,85,6,75,120,18.2,2001.2,USA,280
User 1,17.6,85,6,75,120,16.6,2003.4,USA,362
User 1,31,85,4,75,120,16.2,1990,USA,366
User 1,38,85,6,75,150,17,1983,USA,382
User 1,23,86,4,76,120,14,1998,USA,49
User 1,21,86,4,76,150,16.5,2000,USA,61
User 1,22,86,4,76,150,16,1999,USA,80
User 1,28,86,4,76,150,15.5,1993,Germany,181
User 1,27,86,4,76,120,15.6,1994,USA,388
User 1,25,87,4,77,120,17.5,1996,Germany,21
User 1,21,87,4,77,120,19.5,2000,Germany,78
User 1,27,88,4,78,170,14.5,1994,Japan,19
User 1,27,88,4,78,120,14.5,1994,Japan,30
User 1,19,88,6,78,200,15.5,2002,USA,36
User 1,18,88,6,78,170,14.5,2003,USA,48
User 1,27,88,4,78,170,16.5,1994,Japan,84
User 1,18,88,6,78,120,16.5,2003,USA,100
User 1,20,88,4,78,200,19,2001,Japan,108
User 1,23,88,4,78,170,17,1998,Germany,177
User 1,19,88,4,78,120,21.9,2002,Germany,208
User 1,24.5,88,4,78,190,16,1996.5,USA,233
User 1,25.1,88,4,78,120,15.4,1995.9,USA,254
User 1,22.3,88,4,78,150,17.3,1998.7,USA,281
User 1,26.4,88,4,78,150,18.1,1994.6,USA,313
User 1,35,88,4,78,120,15.1,1986,Germany,333
User 1,20.2,88,6,78,150,17.1,2000.8,USA,361
User 1,28,88,4,78,190,19.6,1993,USA,363
User 1,27,88,4,78,150,18.6,1994,USA,364
User 1,34,88,4,78,170,18,1987,USA,365
User 1,36,88,4,78,150,14.5,1985,Japan,375
User 1,25.5,89,4,79,170,15.8,1995.5,USA,235
User 1,24,90,4,80,150,14.5,1997,Germany,22
User 1,21,90,6,80,150,15,2000,USA,25
User 1,28,90,4,80,190,15.5,1993,USA,31
User 1,28,90,4,80,120,14,1993,Germany,50
User 1,20,90,4,80,190,19.5,2001,USA,60
User 1,18,90,3,80,190,13.5,2003,Japan,111
User 1,26,90,4,80,120,15.5,1995,Germany,114
User 1,19,90,6,80,190,17,2002,USA,175
User 1,22.5,90,6,80,120,17.6,1998.5,USA,193
User 1,19.4,90,6,80,150,17.2,2001.6,USA,256
User 1,20.2,90,6,80,120,18.2,2000.8,USA,282
User 1,23.9,90,8,80,150,22.2,1997.1,USA,299
User 1,28.4,90,4,80,120,16,1992.6,USA,304
User 1,33.5,90,4,80,170,13.2,1987.5,USA,307
User 1,28,90,4,80,190,16.5,1993,USA,312
User 1,24.3,90,4,80,170,20.1,1996.7,USA,314
User 1,19.1,90,6,80,120,18.7,2001.9,USA,315
User 1,29.8,90,4,80,150,15.5,1991.2,Japan,317
User 1,27,90,4,80,150,18,1994,USA,368
User 1,27,90,4,80,120,17.3,1994,USA,387
User 1,20,91,4,81,150,14,2001,Germany,119
User 1,28,92,4,82,120,17,1993,Japan,81
User 1,25,92,4,82,190,14.9,1996,USA,183
User 1,37,92,4,82,190,15,1984,Japan,319
User 1,25.8,92,4,82,120,14.4,1995.2,USA,337
User 1,24,92,4,82,120,16.4,1997,USA,369
User 1,26,92,4,82,120,14.5,1995,USA,383
User 1,26,93,4,83,170,15.5,1995,Japan,149
User 1,22,94,4,84,120,16.5,1999,Japan,110
User 1,24,95,4,85,150,15,1997,Japan,15
User 1,22,95,6,85,120,15.5,1999,USA,16
User 1,25,95,4,85,120,17.5,1996,Germany,23
User 1,25,95,4,85,150,14,1996,Japan,32
User 1,24,95,4,85,120,15.5,1997,Japan,57
User 1,23,95,6,85,150,16,1998,USA,101
User 1,20,95,6,85,190,16.5,2001,USA,125
User 1,19,95,6,85,120,16,2002,USA,151
User 1,18,95,6,85,150,19,2003,USA,162
User 1,23,95,4,85,150,15,1998,Germany,176
User 1,17.5,95,6,85,120,17.8,2003.5,USA,201
User 1,20.5,95,6,85,200,18.2,2000.5,USA,252
User 1,27.5,95,4,85,120,14.2,1993.5,Japan,266
User 1,21.1,95,4,85,190,14.8,1999.9,Japan,269
User 1,24,96,4,86,170,13.5,1997,Japan,170
User 1,25.5,96,4,86,120,15.5,1995.5,USA,218
User 1,32,96,4,86,150,13.9,1989,Japan,385
User 1,18,97,6,87,190,15.5,2003,USA,17
User 1,19,97,3,87,120,13.5,2002,Japan,71
User 1,23,97,4,87,190,14.5,1998,Japan,82
User 1,24,97,4,87,150,15,1997,Japan,148
User 1,24,97,4,87,120,17,1997,Japan,172
User 1,18,97,6,87,150,14.5,2003,USA,173
User 1,22,97,6,87,190,14.5,1999,Japan,240
User 1,27.2,97,4,87,150,14.7,1993.8,Japan,267
User 1,23.9,97,4,87,120,14.9,1997.1,Japan,272
User 1,22,98,4,88,120,14.5,1999,Germany,178
User 1,18.5,98,6,88,150,19,2002.5,USA,227
User 1,19,100,6,90,170,13,2002,USA,33
User 1,17,100,6,90,120,15.5,2004,USA,35
User 1,18,100,6,90,150,15.5,2003,USA,37
User 1,19,100,6,90,150,15,2002,USA,47
User 1,16,100,6,90,170,18,2005,USA,98
User 1,18,100,6,90,120,16,2003,USA,99
User 1,18,100,6,90,120,15,2003,USA,107
User 1,19,100,6,90,150,16,2002,USA,126
User 1,15,100,6,90,170,17,2006,USA,127
User 1,16,100,6,90,190,17,2005,USA,132
User 1,20,100,6,90,190,16,2001,USA,168
User 1,22,100,6,90,190,15.4,1999,USA,190
User 1,20,100,6,90,150,17.7,2001,USA,198
User 1,19,100,6,90,190,17.7,2002,USA,226
User 1,20.5,100,6,90,190,17.2,2000.5,USA,255
User 1,23.7,100,3,90,150,12.5,1997.3,Japan,332
User 1,32.9,100,4,90,150,14.8,1988.1,Japan,353
User 1,20,102,4,92,170,15.7,2001,Germany,206
User 1,20.3,103,5,93,120,15.9,2000.7,Germany,273
User 1,16,105,6,95,120,15.5,2005,USA,34
User 1,18,105,6,95,150,16.5,2003,USA,97
User 1,18,105,6,95,170,16.5,2003,USA,134
User 1,18,105,6,95,150,16,2003,USA,152
User 1,16,105,6,95,120,18.5,2005,USA,160
User 1,22,105,6,95,150,14.5,1999,USA,191
User 1,20.5,105,6,95,120,16.9,2000.5,USA,225
User 1,19.2,105,6,95,120,19.2,2001.8,USA,251
User 1,20.6,105,6,95,170,15.8,2000.4,USA,257
User 1,23.2,105,4,95,150,16.7,1997.8,USA,270
User 1,27.9,105,4,95,120,14.4,1993.1,USA,322
User 1,26.6,105,8,95,200,19,1994.4,USA,360
User 1,21,107,6,97,170,14,2000,USA,113
User 1,19,108,6,98,150,15.5,2002,Japan,209
User 1,18,110,6,100,120,13.5,2003,USA,45
User 1,24,110,4,100,120,14,1997,Germany,122
User 1,16,110,6,100,150,18,2005,USA,133
User 1,17,110,6,100,150,21,2004,USA,159
User 1,15,110,6,100,190,19,2006,USA,161
User 1,21,110,6,100,170,15,2000,USA,163
User 1,20,110,8,100,120,13.5,2001,USA,164
User 1,18.5,110,6,100,120,16.2,2002.5,USA,200
User 1,17,110,8,100,170,19,2004,USA,221
User 1,17.5,110,6,100,150,16.4,2003.5,USA,224
User 1,21.5,110,4,100,150,12.8,1999.5,Germany,241
User 1,21.5,110,3,100,170,13.5,1999.5,Japan,242
User 1,19.9,110,8,100,150,15.5,2001.1,USA,248
User 1,18.6,110,6,100,120,18.7,2002.4,USA,259
User 1,20.6,110,6,100,190,16.6,2000.4,USA,283
User 1,23.5,110,6,100,120,12.6,1997.5,USA,338
User 1,22.4,110,6,100,120,15.8,1998.6,USA,359
User 1,25,110,6,100,120,16.4,1996,USA,381
User 1,18,112,4,102,150,14.5,2003,Germany,76
User 1,19,112,4,102,170,15.5,2002,Germany,120
User 1,22,112,6,102,190,14.7,1999,USA,384
User 1,26,113,4,103,190,12.5,1995,Germany,24
User 1,25,115,4,105,120,13.5,1996,Germany,179
User 1,21.6,115,4,105,120,15.7,1999.4,Germany,275
User 1,21.5,115,6,105,120,15.4,1999.5,USA,279
User 1,28.8,115,6,105,190,11.3,1992.2,USA,305
User 1,26.8,115,6,105,150,12.9,1994.2,USA,306
User 1,25.4,116,6,106,170,12.6,1995.6,Japan,357
User 1,15.5,120,8,100,150,13.9,2005.5,USA,188
User 1,16.5,120,6,110,120,16.7,2004.5,Germany,210
User 1,18.1,120,6,110,150,15.1,2002.9,USA,260
User 1,24.2,120,6,110,120,13.8,1996.8,Japan,358
User 1,20,122,6,102,150,13.5,2001,Japan,123
User 1,17,125,6,105,150,13.6,2004,Germany,274
User 1,19.2,125,8,105,120,15,2001.8,USA,290
User 1,23,125,8,105,120,17.4,1998,USA,297
User 1,13,129,8,109,120,12,2008,USA,165
User 1,17.6,129,8,109,170,13.4,2003.4,USA,285
User 1,18,130,8,110,150,12,2003,USA,1
User 1,13,130,8,110,150,14,2008,USA,73
User 1,13,130,8,110,170,15,2008,USA,213
User 1,15,130,8,110,120,14.9,2006,USA,223
User 1,17,130,8,110,150,15.4,2004,USA,284
User 1,32.7,132,6,112,120,11.4,1988.3,Japan,331
User 1,16.2,133,6,113,190,15.8,2004.8,Germany,276
User 1,18.2,135,8,115,120,15.2,2002.8,USA,287
User 1,14,137,8,117,120,14.5,2007,USA,88
User 1,16.5,138,8,118,120,13.2,2004.5,USA,286
User 1,20.2,139,8,119,120,12.8,2000.8,USA,250
User 1,18.1,139,8,109,150,11.2,2002.9,USA,263
User 1,17,140,8,90,170,10.5,2004,USA,5
User 1,13,140,8,90,120,16,2008,USA,74
User 1,16,140,8,90,120,14,2005,USA,135
User 1,14,140,8,90,120,16,2007,USA,138
User 1,17.5,140,8,90,120,13,2003.5,USA,186
User 1,19.4,140,8,90,170,13.2,2001.6,USA,249
User 1,17.5,140,8,90,170,13.7,2003.5,USA,264
User 1,15.5,142,8,92,150,14.3,2005.5,USA,289
User 1,13,145,8,95,150,13,2008,USA,87
User 1,15,145,8,95,120,13,2006,USA,115
User 1,15,145,8,95,170,14,2006,USA,156
User 1,13,145,8,95,150,12,2008,USA,212
User 1,17.5,145,8,95,150,12.5,2003.5,USA,220
User 1,15.5,145,8,95,120,13.7,2005.5,USA,222
User 1,19.2,145,8,95,120,13.2,2001.8,USA,261
User 1,14,148,8,98,120,13.5,2007,USA,158
User 1,16,149,8,99,150,14.5,2005,USA,231
User 1,18,150,8,100,190,11,2003,USA,3
User 1,16,150,8,100,150,12,2005,USA,4
User 1,15,150,8,100,120,9.5,2006,USA,13
User 1,14,150,8,100,170,13,2007,USA,41
User 1,15,150,8,100,120,13.5,2006,USA,64
User 1,17,150,8,100,120,11.5,2004,USA,66
User 1,15,150,8,100,200,12.5,2006,USA,72
User 1,14,150,8,100,190,14,2007,USA,75
User 1,14,150,8,100,120,11.5,2007,USA,86
User 1,15,150,8,100,190,12.5,2006,USA,89
User 1,13,150,8,100,170,12,2008,USA,91
User 1,14,150,8,100,120,14.5,2007,USA,93
User 1,11,150,8,100,190,14,2010,USA,103
User 1,15,150,8,100,120,11,2006,USA,121
User 1,13,150,8,100,120,14.5,2008,USA,136
User 1,14,150,8,100,150,13.5,2007,USA,137
User 1,14,150,8,100,190,15.5,2007,USA,139
User 1,16,150,8,100,120,14.5,2005,USA,157
User 1,16,150,8,100,120,13,2005,USA,187
User 1,13,150,8,100,120,13.2,2008,USA,207
User 1,13,150,8,100,120,14,2008,USA,214
User 1,18.5,150,8,100,190,13,2002.5,USA,291
User 1,14.5,152,8,102,120,12.8,2006.5,USA,189
User 1,14,153,8,103,150,13.5,2007,USA,40
User 1,14,153,8,103,150,13,2007,USA,65
User 1,13,155,8,105,150,13.5,2008,USA,68
User 1,16.9,155,8,105,200,14.9,2004.1,USA,288
User 1,13,158,8,108,120,13,2008,USA,92
User 1,14,160,8,110,170,8,2007,USA,12
User 1,12,160,8,110,170,13.5,2009,USA,69
User 1,15,165,8,115,120,11.5,2006,USA,2
User 1,14,165,8,115,120,12,2007,USA,38
User 1,13,165,8,115,170,12,2008,USA,62
User 1,17.7,165,6,115,190,13.4,2003.3,USA,262
User 1,12,167,8,117,150,12.5,2009,USA,104
User 1,15,170,8,120,150,10,2006,USA,11
User 1,13,170,8,120,120,12,2008,USA,43
User 1,13,170,8,120,170,13,2008,USA,105
User 1,16,170,8,120,150,11.5,2005,USA,155
User 1,15.5,170,8,120,120,11.4,2005.5,USA,229
User 1,14,175,8,125,190,11.5,2007,USA,39
User 1,13,175,8,125,150,12,2008,USA,44
User 1,14,175,8,125,120,12,2007,USA,63
User 1,13,175,8,125,120,13,2008,USA,85
User 1,13,175,8,125,190,11,2008,USA,96
User 1,12,180,8,130,120,11.5,2009,USA,42
User 1,12,180,8,130,120,12.5,2009,USA,106
User 1,11,180,8,130,120,11,2010,USA,124
User 1,16.5,180,8,130,190,12.1,2004.5,USA,211
User 1,16,180,8,130,170,11.1,2005,USA,228
User 1,15,190,8,140,190,8.5,2006,USA,10
User 1,13,190,8,140,120,12.5,2008,USA,70
User 1,15.5,190,8,140,120,12.2,2005.5,USA,230
User 1,9,193,8,143,150,18.5,2012,USA,29
User 1,15,198,8,148,120,10,2006,USA,6
User 1,12,198,8,148,150,11.5,2009,USA,90
User 1,10,200,8,150,120,15,2011,USA,27
User 1,11,208,8,158,190,11,2010,USA,67
User 1,11,210,8,160,120,13.5,2010,USA,28
User 1,14,215,8,165,150,8.5,2007,USA,8
User 1,10,215,8,165,170,14,2011,USA,26
User 1,13,215,8,165,150,11,2008,USA,94
User 1,14,220,8,170,120,9,2007,USA,7
User 1,14,225,8,175,120,10,2007,USA,9
User 1,14,225,8,175,120,10,2007,USA,14
User 1,12,225,8,225,120,11,2009,USA,95
User 1,16,230,8,230,150,9.5,2005,USA,116